{
    "code": 0,
    "data": [
        {
            "group": "Technical 技术",
            "list": [{
                    "title": "前端开发工程师",
                    "responsibility": [
                        "负责产品UI和交互方面的开发需求；",
                        "前端框架的改进及优化，保持良好的兼容性；",
                        "和服务器端开发人员进行应用及系统整合。"
                    ],
                    "requirements": [
                        "计算机或相关专业本科及以上学历，三年以上Web前端开发经验；",
                        "掌握HTML/XHTML/CSS3等网页制作和页面架构和布局技术，能够解决各种浏览器兼容性问题；",
                        "掌握Ajax/jquery/React/Bootstrap/angularJS等技术框架；",
                        "熟悉iOS、Android或小程序开发技术者优先；",
                        "具有较强的团队意识，高度的责任感，对工作积极严谨，勇于承担压力。"
                    ]
                },
                {
                    "title": "JAVA开发工程师",
                    "responsibility": [
                        "负责产品负责核心模块的功能设计和开发，持续优化后台系统架构；",
                        "理解、分析业务需求，设计技术实现方案，支持产品迭代；",
                        "解决产品运行中的问题，提升系统质量。"
                    ],
                    "requirements": [
                        "计算机或相关专业本科及以上学历，985/211学校优先；",
                        "三年以上后台开发经验，精通Java，有扎实的编程功底，熟悉面向对象思想；",
                        "熟练掌握Struts、Spring、iBatis、Hibernate等框架，掌握MySQL等关系数据库；",
                        "对服务器性能优化有深刻了解，有高并发项目经验；",
                        "有搜索或金融领域开发优先，有大数据项目经验者优先；",
                        "具有较强的团队意识，高度的责任感，对工作积极严谨，勇于承担压力。"
                    ]
                },
                {
                    "title": "Android开发工程师",
                    "responsibility": [
                        "负责Android手机软件的开发及设计；",
                        "根据产品的需求进行Android产品的开发，对相关模块做重构和优化；",
                        "对Android平台开发技术进行研究，定位和解决一些技术上的疑难问题；",
                        "根据项目需求进行学习并快速掌握技巧，有良好的沟通力和协作能力加强团队的建设。"
                    ],
                    "requirements": [
                        "计算机或相关专业本科及以上学历，985/211学校优先，至少三年以上Android开发经验；",
                        "熟练掌握git，熟练掌握android studio开发工具及各种性能调优；",
                        "熟悉Android平台的开发技术，如UI，网络，性能和内存优化等；",
                        "熟悉面向对象设计，代码风格良好；",
                        "有大型互联网app开发经验优先，有金融领域app开发经验优先。"
                    ]
                },
                {
                    "title": "iOS开发工程师",
                    "responsibility": [
                        "负责iOS手机App的开发及设计；",
                        "根据产品的需求进行APP设计和开发，对相关模块做重构和优化；",
                        "对iOS平台开发技术进行研究，定位和解决技术上的疑难问题。"
                    ],
                    "requirements": [
                        "计算机或相关专业本科及以上学历， 重点大学优先， 至少三年以上iOS开发经验；",
                        "熟练掌握git， 精通Objective - C / Swift、 Mac OSX、 Xcode；",
                        "深入理解设计模式， 能够设计出高內聚， 低耦合的系统框架， 提升开发效率；",
                        "精通http、 https tcp / ip协议， 熟练掌握网络通信编程以及socket编程；",
                        "具有比较强的客户端系统架构设计能力， 在通用性、 跨平台和复用性方面有深刻的理解；",
                        "有金融类app或大型互联网app开发经验优先。"
                    ]
                },
                {
                    "title": "运维开发工程师",
                    "responsibility": [
                        "负责应用系统的运维、 部署、 管理、 扩容和优化；",
                        "负责关键数据安全备份和容灾；",
                        "负责公司开发、 测试、 预发和生产环境的管理；",
                        "负责公司运维平台系统规划、 设计和搭建， 推动运维效率的持续优化。"
                    ],
                    "requirements": [
                        "计算机或相关专业本科及以上学历， 重点大学优先， 三年及以上互联网运维开发工作经验；",
                        "熟悉linux系统结构， 熟练掌握linux系统常用命令， 如vi、 awk、 sed、 find等等；",
                        "熟悉shell， 熟练掌握至少一门脚本语言， 如python、 perl、 ruby等；",
                        "熟悉git版本控制， 熟悉自动化发布流程， 有devops研究实践优先；",
                        "熟悉互联网常用系统架构， 如nginx、 mysql、 mq、 hadoop等；",
                        "熟悉公有云生态， 有公用云运维实操经验优先。"
                    ]
                },
                {
                    "title": "架构师",
                    "responsibility": [
                        "负责产品技术架构设计、 重构、 优化， 根据业务规划及技术规划制定应用架构方案；",
                        "主导技术难题攻关， 持续提升核心功能在高并发、 海量请求数下的高处理性能， 解决各 类潜在系统技术风险， 保证系统的安全、 稳定、 快速运行；",
                        "负责产品方案的设计与评审， 配合研发和产品经理进行技术决策， 进行技术风险评估；",
                        "参与开发过程管理， 指导开发小组完成系统的设计、 实现、 集成、 测试；",
                        "核心功能的架构与代码模板编写， 开发与维护系统核心模块；",
                        "负责开发技术指导、 培训与交流， 解决开发人员的技术问题。"
                    ],
                    "requirements": [
                        "计算机或相关专业本科及以上学历， 985 / 211 大学优先；",
                        "五年以上互联网经验， 三年以上大型分布式系统应用设计与研发经验；",
                        "熟练掌握C / C++，Go， Python， Java， Shell中至少一门语言；",
                        "对各种开源的框架如Spring、 Mybatis等有深入的了解， 对框架本身有过开发或重构者可优先考虑；",
                        "具备良好的需求分析能力和面向OO的抽象能力， 能独立分析问题和解决问题；",
                        "专注于技术、 对业界的新技术发展动态有比较密切的关注， 同时对会员、 营销、 广告中一个或多个领域有较深刻的理解；",
                        "较强的表达和沟通能力； 工作认真、 严谨、 敬业， 对代码质量有近乎苛刻的要求意识；",
                        "具有良好的技术风险防控意识和能力；",
                        "具有大型相关系统设计或实施经验者优先。"
                    ]
                }
            ]
        },
        {
            "group": "Algorithm 算法",
            "list": [{
                    "title": "资深算法专家/工程师",
                    "responsibility": [
                        "负责金融领域搜索和推荐引擎的算法设计与系统研发工作， 包括但不限于召回排序、 个性化推荐等；",
                        "应用自然语言处理技术实现实体识别、 关系识别、 意图识别等知识图谱构建或自动对话工作；",
                        "利用机器学习相关理论和方法解决实际问题， 持续迭代提升效果和用户体验。"
                    ],
                    "requirements": [
                        "计算机相关本科以上学历， 985 / 211 优先， 三年以上搜索算法相关项目经验；",
                        "深刻理解常用算法原理和应用， 精通至少一门编程语言；",
                        "熟练掌握机器学习或自然语言处理的基础理论和方法；",
                        "具备深度学习经验， 搜索排序模型研发经验优先；",
                        "优秀的逻辑推理， 问题分析和实践动手能力；",
                        "有强烈求知欲和创业精神， 勇于面对挑战；",
                        "在顶会或知名期刊上发表过论文优先考虑。"
                    ]
                },
                {
                    "title": "NLP算法工程师",
                    "responsibility": [
                        "负责文本信息中的知识提取以及知识图谱构建工作；",
                        "负责意图识别、 召回排序等搜索策略设计开发工作；",
                        "利用NLP和机器学习相关理论和方法解决实际问题， 持续迭代提升效果和用户体验。"
                    ],
                    "requirements": [
                        "自然语言处理、 模式识别、 机器学习等相关专业硕士及以上， 985 / 211 大学优先， 三年以上相关工作经验；",
                        "有较强的算法基础和编码能力， 熟练掌握C / C++，Python， Java等至少一门语言。 熟悉Linux环境开发； 熟练使用一种或几种深度学习框架（ caffe， tensorflow， Pytorch）；",
                        "熟悉常用的自然语言算法， 如word2vec、 LDA、 HMM、 CRF等； 熟悉深度学习在自然语言处理中的应用；",
                        "有文本分类、 情感分析、 舆情分析、 智能客服等实际应用经验者优先；",
                        "有较强的研究能力者优先， 如在领域顶级会议如ACL、 EMNLP、 NAACL等发表过高质量论文；",
                        "有良好的团队合作和沟通能力。"
                    ]
                },
                {
                    "title": "图像算法工程师",
                    "responsibility": [
                        "搭建基于图像特征 / CNN的图像 / 视频中的文字信息检测模型并优化；",
                        "搭建基于CNN / LSTM的中文、 英文等多语种OCR识别模型并优化；",
                        "模型压缩及优化， 提高算法速度， 性能；",
                        "追踪前沿的文字检测 / 识别技术并复现， 优化。"
                    ],
                    "requirements": [
                        "信号处理、 计算机、 电子信息、 自动化、 模式识别等相关专业， 985 / 211 大学硕士或以上学历；",
                        "两年以上计算机视觉领域相关工作经验， 图像检测 / 识别， 视频分析 / 目标追踪领域有深入的了解； 熟悉经典的机器学习、 深度学习算法并有实践经验， 包括LR、 SVM、 GBDT、 DNN、 LSTM等； 对算法优化有一定经验， 有效提升准确率；",
                        "精通至少一个主流深度学习工具包（ caffe， Tensorflow, mxnet， pyTorch）；",
                        "精通 C / C++, 编程能力强； 熟悉 Linux 环境开发； 熟悉一门脚本语言（ Perl, Python, Ruby）；",
                        "熟练CUDA编程， 多GPU并行计算者优先；",
                        "在国际顶级会议期刊上发表过成果者优先；",
                        "良好的沟通能力与团队协作精神。"
                    ]
                }
            ]
        },
        {
            "group": "Product 产品",
            "list": [{
                    "title": "资深产品经理",
                    "responsibility": [
                        "根据公司业务方向和目标， 负责产品的全平台规划及路线；",
                        "负责产品的用户调研、 竞品研究、 需求挖掘、 功能设计的制定迭代计划；",
                        "独立完成原型设计、 需求⽂ 文档输出， 配合设计师完成产品交互设计；",
                        "项⽬ 实施， 组织协调开发、 测试、 运维人员及任务， 保证项⽬ 目进度、 质量， 以及上线发布。"
                    ],
                    "requirements": [
                        "重点大学本科以上学历，金融学、 计算机学等相关专业优先， 五年以上工作经验；",
                        "至少负责过一款知名或成功的金融科技相关领域产品， 有从0 - 1 的经验优先；",
                        "优秀的产品理解分析能力、 沟通合作能力， 执⾏力强， 善于组织协调并推动项目进展；",
                        "对工作充满激情， 能承受较大的工作压力。"
                    ]
                },
                {
                    "title": "设计师",
                    "responsibility": [
                        "参与到公司产品的规划构思和创意过程；",
                        "充分理解业务以及产品的需求， 给出产品的设计方案， 输出设计稿， 配合开发完成标注切图等工作；",
                        "通过分析论证， 对产品提出一定的优化改进建议；",
                        "通过设计， 解决项目中的设计问题， 对用户体验负责；",
                        "制定并实施公司的设计规范。"
                    ],
                    "requirements": [
                        "重点大学美术设计相关专业本科及以上学历， 从事交互设计或视觉设计五年以上；",
                        "熟悉移动端、 PC端产品设计规范， 制定过设计规范者优先；",
                        "给出高质量的设计稿， 能清晰表达自己的设计方案， 有动效、 动画设计能力者优先；",
                        "优秀的沟通和协调能力， 能和产品、 开发良好沟通， 保证项目正常推进；",
                        "热爱设计， 态度积极， 乐于学习新事物， 有自驱力。"
                    ]
                }
            ]
        }
    ]
}